{"cameraMode":{"drawMode":0,"name":"Shaded","section":"Shading Mode"},"sceneLighting":true,"audioPlay":false,"sceneViewState":{"m_AlwaysRefresh":false,"showFog":true,"showSkybox":true,"showFlares":true,"showImageEffects":true,"showParticleSystems":true,"showVisualEffectGraphs":true,"m_FxEnabled":true},"in2DMode":false,"pivot":{"x":-26.62879180908203,"y":-107.9354248046875,"z":0.6112527847290039},"rotation":{"x":-0.5092406868934631,"y":-0.004649835638701916,"z":0.002751490566879511,"w":-0.8606099486351013},"size":24.653263092041017,"orthographic":false}