{"cameraMode":{"drawMode":0,"name":"Shaded","section":"Shading Mode"},"sceneLighting":false,"audioPlay":false,"sceneViewState":{"m_AlwaysRefresh":false,"showFog":true,"showSkybox":false,"showFlares":true,"showImageEffects":true,"showParticleSystems":true,"showVisualEffectGraphs":true,"m_FxEnabled":true},"in2DMode":false,"pivot":{"x":-57.6357421875,"y":-110.18630981445313,"z":-13.232860565185547},"rotation":{"x":0.40091538429260256,"y":0.000005755462552770041,"z":0.00001134363810706418,"w":0.916158139705658},"size":3.246119260787964,"orthographic":false}